source,target
AVP,AQP2
AVP,AGT
CLCNKA,AQP2
AVPR2,AQP2
RENBP,HCFC1
AGT,AVPR2
TMEM187,AVPR2
RENBP,TMEM187
RENBP,TKTL1
ARHGAP4,AVPR2
AVP,AVPR2
AGT,AQP2
AVPR2,HCFC1
GPRASP1,AVPR2
RENBP,AVPR2
ARHGAP4,TMEM187
TKTL1,AVPR2
TMEM187,HCFC1
RENBP,ARHGAP4
AVPR2,CLCNKA
CTLA4,TGFB1
FOXP3,CTLA4
GATA3,CD8A
CD8A,CD4
DDX41,FOXP3
STAT5A,TGFB1
NFATC2,CD8A
STAT5A,CD4
FOXP3,IL2
CTLA4,IL2
NFATC2,STAT5A
TNF,NFATC2
FOXP3,STAT5A
NFATC2,IL2
TNF,FOXP3
CTLA4,CD4
DDX41,STAT5A
DDX41,CD8A
DDX41,TNF
NFATC2,FOXP3
TNF,TGFB1
STAT5A,CTLA4
GATA3,CTLA4
TNF,GATA3
IL2,CD4
GATA3,IL2
GATA3,TGFB1
FOXP3,CD8A
STAT5A,IL2
TNF,CD4
TNF,CD8A
NFATC2,CTLA4
STAT5A,CD8A
FOXP3,TGFB1
FOXP3,CD4
CD8A,TGFB1
IL2,TGFB1
DDX41,IL2
DDX41,NFATC2
GATA3,FOXP3
GATA3,STAT5A
TNF,IL2
NFATC2,GATA3
DDX41,GATA3
GATA3,CD4
DDX41,CTLA4
DDX41,TGFB1
DDX41,CD4
TNF,STAT5A
CTLA4,CD8A
TNF,CTLA4
CD8A,IL2
TGFB1,CD4
PPARGC1A,NR0B2
CREBBP,HNF1A
FOXO1,PPARGC1A
CREBBP,APOA1
HNF4A,PPARGC1A
CTNNB1,HNF1A
FOXO1,HNF4A
HNF4A,CREBBP
SMAD4,HNF1A
CTNNB1,SMAD3
HNF4A,APOA1
HNF4A,MED1
HNF4A,NR0B2
SMAD4,HNF4A
FOXO1,CREBBP
MED1,PPARGC1A
FOXO1,SMAD3
SMAD4,CREBBP
SMAD3,CREBBP
MED1,CREBBP
CTNNB1,SMAD4
PPARGC1A,CREBBP
MED1,APOA1
FOXO1,NR0B2
FOXO1,CTNNB1
CTNNB1,CREBBP
CTNNB1,HNF4A
HNF4A,HNF1A
SMAD4,SMAD3
CTNNB1,MED1
MED1,NR0B2
FOXO1,SMAD4
SMAD3,HNF4A
PPARGC1A,APOA1
AVP,OXTR
NPS,AVPR1A
EDN1,OXTR
CRH,AQP2
AVP,TRH
EDN1,TRH
OXTR,AVPR1A
AVP,CRH
NPS,CRH
EDN1,PTH
TRH,PTH
NPS,KNG1
AVPR1A,AQP2
AVPR1A,POMC
NPS,EDN1
NPS,AVP
AVP,AVPR1A
AVPR1A,KNG1
NPS,OXTR
EDN1,KNG1
AVP,EDN1
EDN1,POMC
TRH,POMC
OXTR,KNG1
NPS,PTH
OXTR,CRH
EDN1,CRH
NPS,TRH
KNG1,POMC
PTH,CRH
PTH,AQP2
EDN1,AVPR1A
TRH,KNG1
KNG1,AQP2
TRH,AVPR1A
PTH,KNG1
AVP,KNG1
CRH,POMC
NPS,POMC
AVP,PTH
OXTR,TRH
TRH,CRH
AVP,POMC
OXTR,POMC
PTH,POMC
AKT2,FOXO4
FOXO4,MTOR
TSC1,INS
AKT2,FOXO3
FOXO3,TSC1
MTOR,FOXO3
AKT2,TBC1D4
AKT2,PHLPP1
TBC1D4,MTOR
FOXO4,TSC2
MTOR,INS
MTOR,TSC1
FOXO1,FOXO4
TBC1D4,INS
AKT2,INS
FOXO4,INS
FOXO1,INS
INS,TSC2
AKT2,TCL1B
TBC1D4,TSC2
AKT2,TSC2
FOXO3,TSC2
FOXO1,MTOR
MTOR,TSC2
FOXO1,TSC2
AKT2,TSC1
FOXO3,INS
TSC1,TSC2
AKT2,FOXO1
FOXO4,FOXO3
MTOR,PHLPP1
FOXO1,TSC1
AKT2,MTOR
FOXO1,FOXO3
TNF,NR3C1
INSR,SERPINE1
TNF,INS
ADIPOQ,LEP
TNF,ADIPOQ
TNF,INSR
LEP,PPARA
ADIPOQ,SERPINE1
LEP,SERPINE1
LEP,AKT1
INSR,PPARA
AKT1,INS
AKT1,UCP1
NR3C1,RETN
INS,NR3C1
PPARA,INS
LEP,INS
INS,SERPINE1
PPARA,RETN
ADIPOQ,RETN
ADIPOQ,UCP1
ADIPOQ,AKT1
UCP1,PPARA
PPARA,SERPINE1
TNF,LEP
AKT1,NR3C1
LEP,INSR
TNF,PPARA
AKT1,PPARA
INSR,INS
TNF,AKT1
NR3C1,SERPINE1
INSR,AKT1
LEP,UCP1
SERPINE1,RETN
ADIPOQ,INS
ADIPOQ,INSR
ADIPOQ,NR3C1
AKT1,RETN
ADIPOQ,PPARA
INSR,RETN
INSR,UCP1
UCP1,INS
TNF,SERPINE1
TNF,RETN
AKT1,SERPINE1
TNF,UCP1
LEP,RETN
INS,RETN
UCP1,RETN
IRS2,PIK3R1
SHC1,GRB14
SOCS3,INS
PTPN11,INS
PTPN11,INSR
IRS1,INSR
IRS1,GRB14
PIK3R1,INS
SOCS3,IRS1
PTPN1,INS
GRB10,IRS1
INSR,PIK3R1
PTPN1,IRS1
PTPN11,IRS1
IRS1,PIK3R1
SOCS3,INSR
GRB10,INSR
IRS2,INS
PTPN1,INSR
IRS2,INSR
INSR,GRB14
PTPN1,PIK3R1
GRB10,PIK3R1
SHC1,IRS2
IRS2,IRS1
SHC1,INS
GRB10,IRS2
GRB10,INS
SHC1,PTPN1
IRS2,SOCS3
IRS1,INS
SHC1,GRB10
PTPN11,SOCS3
IRS2,PTPN11
IRS2,PTPN1
PTPN1,GRB14
PTPN1,SOCS3
SHC1,INSR
SHC1,PIK3R1
SHC1,IRS1
PTPN11,PIK3R1
SHC1,PTPN11
GRB14,INS
HELT,AVEN
HELT,GPR83
HELT,MEST
SELV,GPR83
FAM3C,IER3IP1
AVEN,GPR83
UBC,AVEN
YIPF7,IER3IP1
SELV,MEST
YIPF5,IER3IP1
UBC,IER3IP1
GPR83,MEST
AVEN,MEST
CYSTM1,IER3IP1
HELT,SELV
AVEN,IER3IP1
IER3IP1,MEST
HELT,IER3IP1
SELV,AVEN
SELV,IER3IP1
IER3IP1,GPR83
GCG,GCGR
IAPP,GHRH
CCK,PTH
GCGR,GHRH
CCK,HCRT
GCGR,IAPP
GCG,GNAS
CCK,GHRH
VIP,GHRH
GCG,IAPP
GIP,IAPP
GIP,PTH
GNAS,GHRH
GCG,GIP
PTH,GHRH
PTH,IAPP
HCRT,GHRH
GCGR,PTH
GNAS,VIP
GCG,GHRH
GCGR,GNAS
CCK,MCHR1
GCG,MCHR1
GIP,CCK
GCGR,GIP
GCGR,VIP
GCG,VIP
HCRT,MCHR1
GNAS,GIP
GNAS,PTH
VIP,IAPP
GCG,PTH
VIP,GIP
GCG,CCK
GCGR,MCHR1
GCGR,CCK
CCK,IAPP
GIP,GHRH
VIP,CCK
VIP,PTH
GCG,HCRT
GNAS,IAPP
GCGR,HCRT
NOS3,ACE
ATP6AP2,ACE
NOS3,REN
BDKRB2,ACE
AGT,BDKRB2
AGT,REN
ATP6AP2,REN
NOS3,KNG1
KNG1,ACE2
BDKRB2,NOS3
MDK,ACE
AGT,ACE2
ATP6AP2,ACE2
ACE,ACE2
SOD3,ACE
AGT,ACE
AGT,NOS3
KNG1,TFPI
REN,KNG1
AGT,KNG1
NOS3,ACE2
ATP6AP2,AGT
ACE,REN
ACE2,TFPI
SOD3,NOS3
REN,ACE2
ACE,TFPI
BDKRB2,KNG1
ACE,KNG1
PCBD1,HNF1B
PDX1,HNF4A
CREBBP,HNF1B
PTF1A,FGF10
ONECUT1,FGF10
PDX1,PTF1A
HNF4A,ONECUT1
PTF1A,HNF1B
ONECUT3,HNF1B
PTF1A,ONECUT1
PKHD1,HNF1B
FGF10,HNF1B
PDX1,FGF10
HNF4A,PCBD1
HNF4A,HNF1B
VPS33B,ONECUT1
ONECUT3,ONECUT1
ONECUT1,CREBBP
ONECUT1,HNF1B
VPS33B,HNF1B
PDX1,HNF1B
PDX1,ONECUT1
INS,MYOD1
ANGPT2,DLL4
VEGFA,ANGPT2
VEGFA,DLL4
PAX3,MYOD1
SHH,MYOD1
ANGPT2,PROX1
FOXC2,ITGB3
VEGFA,MYOD1
SHH,DLL4
BMP2,MYOD1
BMP2,SHH
FOXC2,MYOD1
VEGFA,INS
SHH,INS
FOXC2,DLL4
VEGFA,ITGB3
VEGFA,PROX1
VEGFA,SHH
FOXC2,INS
PAX3,FOXC2
PAX3,SHH
FOXC2,PROX1
BMP2,INS
PAX3,BMP2
FOXC2,ANGPT2
FOXC2,SHH
VEGFA,FOXC2
BMP2,VEGFA
BMP2,FOXC2
YWHAZ,RRAD
MAP3K2,YWHAZ
CALM1,RRAD
MAP3K3,RRAD
MAP3K3,PRKACA
PRKCA,RRAD
PRKACA,YWHAZ
RRAD,NME1
RRAD,CSNK2A1
PRKCA,YWHAZ
MAP3K3,YWHAZ
CSNK2A1,NME1
CALM1,CAMK2G
PRKCA,PRKACA
MAP3K3,MAP3K2
CALM1,CSNK2A1
MAP3K2,RRAD
CAMK2G,RRAD
MAP3K19,RRAD
PRKACA,RRAD
LIPC,APOE
PNLIP,MGLL
PNLIP,DGKG
PNLIP,LIPC
LIPF,MGLL
LIPF,DGKA
LIPF,CEL
LIPF,PNLIP
CEL,DGKG
CEL,MGLL
LIPF,LIPC
LIPF,DGKG
CEL,PNLIP
LIPC,MGLL
DGKB,LIPF
DGKB,CEL
PNLIP,DGKA
LIPC,APOB
CEL,DGKA
DGKA,LIPC
LDLR,APOE
PNLIP,APOB
DGKB,LIPC
APOE,APOB
CEL,LIPC
LDLR,LIPC
LIPC,DGKG
LDLR,APOB
DGKB,PNLIP
PNLIP,APOE
GRB2,IL4
INSR,IGF1R
GRB2,IGF1
IRS2,IGF1R
INSR,IL4
MAPK8,IGF1R
GRB2,INSR
SOCS1,INSR
PIK3R1,IL4
GRB2,INS
MAPK8,PIK3CA
PIK3CA,IL4
IGF1,IL4
IGF1,PIK3CA
GRB2,PIK3CA
IRS2,PIK3CA
INSR,PIK3CA
PIK3R1,IGF1R
MAPK8,PIK3R1
IGF1,IGF1R
SOCS1,IL4
IRS2,GRB2
SOCS1,IGF1R
SOCS1,PIK3R1
IGF1,INS
IGF1R,INS
IGF1,PIK3R1
MAPK8,IL4
GRB2,PIK3R1
IRS2,IGF1
PIK3R1,PIK3CA
GRB2,SOCS1
MAPK8,GRB2
SOCS1,INS
INSR,IGF1
IRS2,MAPK8
INS,IL4
MAPK8,IGF1
PIK3CA,INS
IRS2,SOCS1
GRB2,IGF1R
MAPK8,INS
IGF1R,PIK3CA
IRS2,IL4
ATF6,EIF2AK3
HYOU1,DNAJB1
EIF2AK3,HSPA8
HYOU1,ATF6
DNAJC3,DNAJB11
HSPA6,DNAJB11
DNAJC3,HSPA6
HSPA2,HSPA8
DNAJC3,EIF2AK2
HYOU1,EIF2AK3
DNAJC3,ATF6
DNAJC3,PRKRIR
DNAJC3,HSPA8
HYOU1,HSPA2
HSPA6,HSPA8
ATF6,EIF2AK2
DNAJC3,EIF2AK3
DNAJB1,HSPA8
DNAJC3,DNAJB1
HYOU1,DNAJB11
HSPA6,DNAJB1
DNAJB11,HSPA8
PRKRIR,EIF2AK2
HYOU1,DNAJC3
EIF2AK3,HSPA2
HYOU1,HSPA8
HYOU1,HSPA6
DNAJB11,HSPA2
DNAJB1,HSPA2
DNAJC3,HSPA2
HSPA6,EIF2AK3
AKT2,SLC2A4
AKT2,RAB14
AKT1,LNPEP
TBC1D4,RAB8A
SLC2A4,YWHAH
RAB13,LNPEP
TBC1D4,LNPEP
VAMP2,AKT1
SLC2A4,LNPEP
SLC2A4,AKT1
TBC1D4,RAB10
YWHAH,LNPEP
TBC1D4,VAMP2
RAB14,VAMP2
AKT1,YWHAH
RAB14,RAB10
TBC1D4,AKT1
TBC1D4,SLC2A4
TBC1D4,RAB13
RAB14,RAB13
RAB14,AKT1
AKT2,LNPEP
RAB8A,LNPEP
AKT2,RAB8A
RAB10,LNPEP
RAB14,YWHAH
SLC2A4,RAB8A
RAB14,RAB8A
TBC1D4,YWHAH
RAB13,RAB10
RAB13,RAB8A
RAB14,SLC2A4
VAMP2,RAB8A
TBC1D4,RAB14
AKT2,RAB10
AKT2,AKT1
AKT2,RAB13
RAB14,LNPEP
SLC2A4,RAB10
VAMP2,YWHAH
VAMP2,LNPEP
RAB8A,RAB10
VAMP2,RAB10
RAB13,VAMP2
SLC2A4,VAMP2
RAB13,SLC2A4
NEUROD1,FGF10
PDX1,GCK
FOXA2,IAPP
ONECUT1,GCK
FOXA2,GCK
ONECUT1,HNF1A
PDX1,IAPP
FOXO1,IAPP
NEUROD1,INS
INS,IAPP
FOXA2,HNF1A
FOXA2,ONECUT1
MAFA,GCK
NEUROD1,IAPP
PDX1,FOXO1
ONECUT1,INS
FOXA2,INS
MAFA,IAPP
PDX1,MAFA
FOXO1,FOXA2
HNF1A,INS
MAFA,FOXA2
HNF1A,IAPP
FOXA2,NEUROD1
MAFA,NEUROD1
IAPP,GCK
PDX1,NEUROD1
PDX1,FOXA2
ONECUT1,NEUROD1
FOXO1,MAFA
FOXO1,NEUROD1
NEUROD1,GCK
PDX1,HNF1A
MAFA,INS
NEUROD1,HNF1A
HNF1A,GCK
FOXA2,FGF10
PDX1,INS
INS,GCK
FOXO1,GCK
ALB,HNF1A
SLC2A2,HNF4A
HDAC1,HNF4A
DYRK1B,HNF1A
SLC2A2,ALB
PDX1,SLC2A2
SLC2A2,HNF1A
PDX1,ALB
HNF4G,HNF1A
HNF4G,HNF4A
ALB,CREBBP
CTNNB1,ALB
DYRK1B,CREBBP
HDAC1,HNF1A
SLC2A2,ONECUT1
HNF4A,ALB
HDAC1,ALB
HNF4G,ONECUT1
HDAC1,CTNNB1
HDAC1,CREBBP
ISG15,MX2
ISG15,IRF7
ISG15,IFIT3
OAS1,IFIT3
IFIT3,RNASEL
OAS1,MX2
OAS1,TRIP12
MX1,IFIT1
RNASEL,MX2
MX2,IFI27
IFIT1,IFI6
IFIT3,IRF7
RNASEL,IRF7
ISG15,IFI6
ISG15,RNASEL
IFIT3,IFIT1
IFIT1,MX2
MX1,IFI6
OAS1,IFI6
MX1,RNASEL
MX1,IRF7
ISG15,TRIP12
MX1,MX2
OAS1,IRF7
MX1,IFIT3
IFI6,IFI27
IFIT1,IRF7
IFI6,MX2
MX1,IFI27
RNASEL,IFI27
IFIT3,MX2
ISG15,IFI27
IFIT3,IFI27
MX2,IRF7
IFIT1,IFI27
OAS1,MX1
MX2,TRIP12
OAS1,RNASEL
OAS1,IFIT1
MX1,TRIP12
IFIT3,IFI6
IRF7,IFI27
ISG15,IFIT1
RNASEL,IFI6
OAS1,IFI27
IFIT1,RNASEL
MX1,ISG15
IFI6,IRF7
OAS1,ISG15
PRKACB,RAB11FIP2
PRKACG,PRKACA
PRKACA,AQP2
AVP,AQP3
SLC12A1,AQP3
PRKACG,RAB11FIP2
PRKACA,RAB11A
PRKACG,PRKACB
AQP3,AQP2
PRKACG,AQP2
PRKACB,PRKACA
RAB11FIP2,AQP2
PRKACB,RAB11A
PRKACA,MYO5B
PRKACB,MYO5B
PRKACG,RAB11A
PRKACG,MYO5B
PRKACG,PRKAR1B
RAB11FIP2,PRKACA
MYO5B,AQP2
PRKAR1B,PRKACA
SLC12A1,AVP
RAB11FIP2,RAB11A
RAB11FIP2,MYO5B
RAB11A,AQP2
PRKACB,AQP2
SLC12A1,AQP2
MYO5B,RAB11A
PRKACB,PRKAR1B
PRKAR1B,AQP2
GLP1R,CALCA
CALCB,CALCA
CALCB,IAPP
GIP,ADM
GCG,ADM
ADM,IAPP
GIP,CALCB
GLP1R,CALCR
CALCR,GIP
PDX1,GLP1R
CALCA,ADM
GCG,CALCB
GLP1R,CALCB
GLP1R,INS
GLP1R,ADM
HSPG2,INS
HSPG2,CALCA
GIP,INS
CALCR,CALCB
GLP1R,GIP
CALCR,ADM
GCG,INS
ADM,INS
GCG,PDX1
PDX1,GIP
GCG,CALCA
CALCR,IAPP
HSPG2,IAPP
GIP,CALCA
CALCR,CALCA
GLP1R,IAPP
GCG,CALCR
GCG,GLP1R
CALCA,IAPP
CALCB,ADM
GNAI3,ADRA2A
GRM8,GNAI1
GNAI3,GNAI1
GNAI3,ADCY9
CASR,GNAI3
GNAI3,RGS20
ADCY9,MTNR1B
GNAI3,MTNR1A
ADRA2A,MTNR1B
GNAI1,RGS20
RGS20,MTNR1B
GRM8,ADCY9
GNB1,ADRA2A
RGS20,ADRA2A
GNAI1,ADRA2A
ADCY5,GNAI3
GNB1,MTNR1A
GRM8,MTNR1A
GRM8,ADRA2A
CASR,GRM8
GNB1,RGS20
CASR,GNB1
MTNR1A,ADRA2A
ADCY5,GNB1
CASR,GNAI1
GNAI1,MTNR1B
GNB1,GNAI3
GNB1,ADCY9
GNAI3,GRM8
CASR,ADCY5
CASR,RGS20
CASR,MTNR1A
GRM8,MTNR1B
GRM8,RGS20
ADCY5,MTNR1B
ADCY5,GRM8
ADCY5,MTNR1A
GNAI1,MTNR1A
GNAI3,MTNR1B
GNB1,GRM8
MTNR1A,ADCY9
ADCY9,ADRA2A
CASR,MTNR1B
CASR,ADCY9
CASR,ADRA2A
ADCY5,ADCY9
ADCY5,ADRA2A
ADCY5,GNAI1
MTNR1A,MTNR1B
MTNR1A,RGS20
GNB1,MTNR1B
GNAI1,ADCY9
GNB1,GNAI1
PPARG,UCP1
SLC2A4,INS
UCP3,PPARA
UCP3,ATIC
UCP2,ATIC
SLC2A4,PPARA
UCP3,C10orf10
C10orf10,PPARG
UCP3,INS
UCP3,SLC2A4
PPARA,ATIC
UCP2,PPARA
UCP3,UCP1
PPARG,ATIC
UCP1,ATIC
SP3,UCP1
UCP3,SP3
SLC2A4,UCP1
SLC2A4,LEP
UCP2,PPARG
LEP,C10orf10
SLC2A4,C10orf10
UCP3,PPARG
LEP,ATIC
SLC2A4,ATIC
PPARG,INS
C10orf10,UCP1
UCP2,UCP1
UCP2,C10orf10
UCP3,UCP2
C10orf10,PPARA
PPARG,PPARA
C10orf10,INS
SLC2A4,PPARG
UCP2,INS
LEP,UCP2
SLC2A4,UCP2
INS,ATIC
UCP3,LEP
LEP,PPARG
UCP2,SP3
MAP3K11,LRP8
MAP2K7,LRP8
FYN,MAP3K11
MAPK8,MAPK8IP1
MAPK8,MAP3K11
MAPK9,MAP2K7
MAP3K11,APP
MAP2K7,MAPK8IP3
MAPK8,MAPK8IP3
AKT1,MAPK8IP1
MAPK9,MAPK8
MAPK8,AKT1
FYN,MAPK8IP3
MAP2K7,MAPK8IP1
FYN,LRP8
KLC1,MAPK8IP1
APP,AKT1
MAP2K7,MAPK8
LRP8,MAPK8IP1
MAP3K11,MAPK8IP3
MAP3K11,MAPK8IP1
MAPK8,FYN
KLC1,APP
MAPK9,APP
MAPK9,MAPK8IP3
FYN,AKT1
MAPK8,LRP8
APP,MAPK8IP1
FYN,MAPK8IP1
KLC1,MAPK8IP3
MAPK8,APP
FYN,APP
MAPK9,MAPK8IP1
MAP2K7,MAP3K11
MAP3K11,AKT1
MAPK9,AKT1
MAPK9,FYN
MAPK8IP3,MAPK8IP1
MAP2K7,FYN
RAPGEF4,PRKACB
ABCC8,INS
KCNJ11,PRKACA
RAPGEF3,KCNJ11
INS,KCNJ8
PRKACB,KCNJ11
KCNJ11,KCNJ8
RAPGEF4,PRKACA
ABCC8,RAPGEF3
ABCC8,KCNJ11
ABCC8,PRKACB
RAPGEF3,PRKACA
RAPGEF3,PRKACB
ABCC8,FOXA2
RAPGEF4,KCNJ11
RAPGEF4,RAPGEF3
RAPGEF4,INS
ABCC8,KCNJ8
RAPGEF4,ABCC8
ABCC8,TRPM4
ABCC8,PRKACA
RAPGEF3,INS
ABCC8,PRKACG
PRKACG,KCNJ11
KCNJ11,INS
KCNJ11,FOXA2
KCNJ11,ABCC9
AMPD1,KCNJ11
RAPGEF4,ABCC9
ABCC9,KCNJ8
RAPGEF3,ABCC9
PDX1,IRS2
IGF1,AKT1
FOXO1,IRS1
IRS2,AKT1
IGF1,RPS6KB1
IGFBP1,IGF1R
FOXO1,INSR
IRS1,IGFBP1
IRS1,IGF1
AKT1,RPS6KB1
IGFBP1,INS
IRS1,AKT1
FOXO1,IGF1R
FOXO1,RPS6KB1
IRS2,IGFBP1
FOXO1,AKT1
IRS2,RPS6KB1
PDX1,IRS1
AKT1,IGF1R
IRS1,IGF1R
FOXO1,IGF1
FOXO1,IRS2
IGF1,IGFBP1
INSR,RPS6KB1
PDX1,INSR
IGFBP1,AKT1
INS,RPS6KB1
IRS1,RPS6KB1
IGF1R,RPS6KB1
INSR,IGFBP1
FOXO1,IGFBP1
TLE1,TLE2
CTBP1,EP300
TLE1,CTBP1
TLE1,JUP
TCF7L2,CTNNB1
TCF7L2,JUP
TLE1,AXIN2
CTNNB1,AXIN2
TLE1,CREBBP
TCF7L2,CTBP1
TCF7L2,AXIN2
TLE4,EP300
JUP,CREBBP
TLE4,JUP
TLE4,CTNNB1
JUP,TLE2
JUP,AXIN2
CTNNB1,CTBP1
TCF7L2,TLE1
TCF7L2,TLE2
CTNNB1,JUP
EP300,TLE2
TLE4,CTBP1
AXIN2,TLE2
CTBP1,CREBBP
TLE4,CREBBP
TLE4,TLE1
TLE2,CREBBP
TCF7L2,CREBBP
CTNNB1,EP300
AXIN2,CTBP1
JUP,EP300
TCF7L2,EP300
TCF7L2,TLE4
TLE1,EP300
TCF7L2,GCG
CTBP1,TLE2
TLE1,CTNNB1
TLE4,TLE2
CTNNB1,TLE2
EP300,CREBBP
TNFRSF18,IL2
IL2RG,CD4
STAT5B,CD8A
CD8A,IL7
STAT5B,CD4
TNFRSF18,IL2RB
STAT3,IL2
IL2RG,CD8A
IL2RG,TNFRSF18
IL2RA,IL2
IL2RB,CD4
FOXP3,STAT3
STAT5B,STAT3
IL2RA,TNFRSF18
FOXP3,STAT5B
STAT3,CD4
IL7,IL2
IL2RA,STAT5B
CD8A,IL2RB
IL2RA,IL7
IL7,IL2RB
IL2RA,STAT3
FOXP3,IL2RB
IL2RG,STAT5B
IL2RG,IL2RB
STAT3,IL2RB
FOXP3,IL7
IL2RG,IL2
IL2,IL2RB
IL2RG,IL7
TNFRSF18,CD8A
IL2RA,IL2RG
STAT5B,IL7
IL2RA,CD8A
FOXP3,TNFRSF18
STAT5B,IL2
IL7,CD4
IL2RG,STAT3
TNFRSF18,CD4
CD8A,STAT3
IL2RA,IL2RB
FOXP3,IL2RG
STAT5B,IL2RB
IL2RA,CD4
IL2RA,FOXP3
MGLL,MOGAT3
LIPF,CLPS
CEL,CLPS
PNLIP,LPL
PNPLA2,LIPG
PPAP2C,LIPC
LIPF,MOGAT3
PNPLA2,MGLL
LIPC,LIPG
PNLIP,PPAP2C
PPAP2C,LPL
LIPF,LIPG
LIPF,PNPLA2
CEL,PNPLA2
LIPF,LPL
CEL,LIPG
PPAP2C,MOGAT3
CEL,LPL
LPL,LIPG
CEL,MOGAT3
LPL,LIPC
LIPF,PPAP2C
PPAP2C,LIPG
PNLIP,LIPG
PNPLA2,LIPC
LIPG,MOGAT3
PNLIP,PNPLA2
LIPC,MOGAT3
PNPLA2,MOGAT3
LPL,MGLL
MGLL,LIPG
PNLIP,MOGAT3
PNPLA2,LPL
PNLIP,CLPS
PNPLA2,PPAP2C
CEL,PPAP2C
AGMO,MTNR1B
GLIS3,C2CD4B
C2CD4B,AGMO
MEF2A,MEF2C
GLIS3,MEF2A
GLIS3,SLC1A1
DGKB,C2CD4B
DGKB,MTNR1B
DGKB,GLIS3
GLIS3,AGMO
GLIS3,NEUROG3
GLIS3,MEF2D
DGKB,AGMO
GLIS3,SUFU
GLIS3,MTNR1B
MEF2C,MEF2D
GLIS3,MEF2C
MEF2A,MEF2D
C2CD4B,MTNR1B
KCNJ11,WFS1
SLC30A8,KIF11
IGF2BP2,KIF11
FTO,WFS1
TCF7L2,KCNJ11
SLC30A8,HHEX
MTNR1B,WFS1
KCNJ11,MTNR1B
HHEX,CDKAL1
IGF2BP2,MTNR1B
TCF7L2,CDKAL1
TCF7L2,IGF2BP2
SLC30A8,IGF2BP2
IGF2BP2,KCNJ11
SLC30A8,SLC30A6
KCNJ11,HHEX
CDKAL1,WFS1
TCF7L2,WFS1
FTO,SLC30A8
TCF7L2,FTO
IGF2BP2,WFS1
FTO,MTNR1B
IGF2BP2,CDKAL1
SLC30A8,MTNR1B
SLC30A8,KCNJ11
SLC30A8,WFS1
CDKAL1,KIF11
TCF7L2,HHEX
HHEX,WFS1
SLC30A8,CDKAL1
FTO,HHEX
FTO,CDKAL1
TCF7L2,MTNR1B
HHEX,MTNR1B
FTO,IGF2BP2
KCNJ11,CDKAL1
HHEX,KIF11
IGF2BP2,HHEX
TCF7L2,SLC30A8
CDKAL1,MTNR1B
TCF7L2,KIF11
FTO,KCNJ11
MAPK11,EGFR
BCAR1,BLK
BLK,MAPK14
EGFR,MAPK14
CD79B,CD79A
BCAR1,STAT3
STAT3,BLK
STAT3,CBL
EGFR,CBL
PLCG2,BLK
PLCG2,CBL
BLK,CD79A
CD79B,CBL
MAPK11,BLK
BCAR1,CBL
MAPK11,MAPK14
NGEF,BLK
EGFR,BLK
MAPK11,STAT3
EGFR,STAT3
CBL,MAPK14
CD79B,BLK
STAT3,MAPK14
PLCG2,CD79A
BCAR1,EGFR
CBL,BLK
CBL,CD79A
CD79B,PLCG2
PLCG2,EGFR
NEUROD1,ISL1
PAX4,INS
PAX4,NXNL1
BTC,PAX4
NEUROG3,ISL1
NKX2-2,ISL1
SLC2A2,ISL1
NKX2-2,SLC2A2
NEUROD1,NEUROG3
PAX4,NEUROD1
INS,NEUROG3
PAX4,ISL1
PAX4,NEUROG3
GCG,ISL1
NKX2-2,INS
SLC2A2,NEUROD1
GCG,PAX4
SLC2A2,INS
NKX2-2,NEUROD1
SLC2A2,NEUROG3
GCG,SLC2A2
GCG,BTC
GCG,NEUROD1
BTC,NEUROD1
PAX4,SLC2A2
NKX2-2,NEUROG3
FKBP11,PAX4
GCG,NKX2-2
BTC,NEUROG3
INS,ISL1
BTC,INS
GCG,NEUROG3
BTC,SLC2A2
BTC,ISL1
NKX2-2,PAX4
STAT5B,KITLG
JAK2,SOCS3
HIF1A,SIRT1
STAT5A,KITLG
KITLG,EPOR
EPO,SIRT1
STAT5A,EPO
JAK1,EPO
JAK2,EPOR
HIF1A,STAT5B
EPO,KITLG
HIF1A,EPOR
STAT5A,STAT5B
SOCS3,EPOR
EPO,EPOR
EPAS1,EPO
STAT5B,EPO
SOCS3,STAT5B
JAK2,EPO
JAK1,EPOR
STAT5B,EPOR
JAK1,SIRT1
EPOR,SIRT1
SOCS3,EPO
JAK1,SOCS3
STAT5A,EPOR
JAK1,STAT5A
JAK2,KITLG
STAT5A,SOCS3
HIF1A,EPO
JAK2,JAK1
JAK2,STAT5B
EPAS1,SIRT1
JAK2,STAT5A
HIF1A,EPAS1
JAK1,STAT5B
PPARA,APOA1
PPARA,PON1
CLU,ALB
PPARG,APOE
ALB,APOA1
ALB,PON1
ALB,APOE
APOE,PON1
PPARG,IL6
LPA,PON1
LPA,APOE
APOA2,APOE
CLU,APOA1
CLU,PON1
IL6,PON1
PPARA,IL6
APOA2,PON1
LPA,IL6
SREBF2,APOA1
LPA,APOA1
APOA2,ALB
SREBF2,PPARG
SREBF2,APOE
CLU,APOE
LPA,PPARA
ALB,IL6
APOA2,APOA1
APOE,APOA1
APOA2,LPA
PPARG,PON1
PPARG,APOA1
APOA1,PON1
PPARA,APOE
CLU,IL6
IL6,APOA1
ALB,PPARA
IL6,APOE
SREBF2,PON1
APOA2,PPARA
ALB,PPARG
SREBF2,PPARA
APOA2,PPARG
APOA2,CLU
LPA,CLU
SREBF2,ALB
LPA,ALB
GPI,PGM1
MAP3K1,GCK
HNF4A,NEUROD1
GCKR,INS
HNF4A,INS
GCKR,GCK
PGM1,GCK
GPI,GCK
HNF4A,GCK
FOXA2,HNF4A
IL6ST,OSM
JUN,IL6
IL6,NFKB1
IL6R,OSM
STAT1,SOCS3
SOCS3,STAT3
SOCS3,NFKB1
SOCS3,OSM
STAT1,NFKB1
JUN,SOCS3
JUN,NFKB1
STAT1,CEBPB
CEBPB,NFKB1
IL6R,NFKB1
IL6R,IL6
CEBPB,IL6
CEBPB,STAT3
SOCS3,FOS
IL6ST,FOS
SOCS3,IL6
STAT1,IL6
FOS,STAT3
JUN,CEBPB
STAT1,IL6ST
IL6R,STAT1
IL6,OSM
STAT3,NFKB1
FOS,OSM
IL6R,IL6ST
IL6R,STAT3
IL6ST,STAT3
JUN,STAT1
FOS,IL6
STAT1,STAT3
FOS,NFKB1
JUN,OSM
IL6ST,SOCS3
STAT1,FOS
STAT1,OSM
IL6R,SOCS3
JUN,STAT3
STAT3,IL6
IL6ST,IL6
STAT3,OSM
FOS,CEBPB
IL6R,CEBPB
JUN,FOS
UBC,TXN2
FOXO1,SIRT1
CAT,TXN2
UBC,SIRT1
FOXO1,SOD2
UBC,FOXO3
SOD2,SIRT1
SOD3,SOD1
SOD3,TXN2
CAT,SIRT1
SOD2,FOXO3
FOXO1,UBC
SOD1,TXN2
FOXO3,CAT
GPX1,AKT1
FOXO3,SIRT1
UBC,CAT
GPX1,SOD3
AKT1,SIRT1
AKT1,SOD1
SOD2,TXN2
GPX1,SOD1
GPX1,SOD2
SOD3,SOD2
GPX1,TXN2
FOXO3,AKT1
SOD2,UBC
UBC,SOD1
AKT1,CAT
GPX1,CAT
SOD2,AKT1
SOD3,CAT
SOD3,FOXO3
UBC,AKT1
SOD1,CAT
SOD2,SOD1
SOD3,AKT1
SOD2,CAT
FOXO1,CAT
UBE2I,RANBP2
SENP1,RANBP2
RGPD4,UBA2
SUMO4,RANBP2
UBC,SUMO4
RGPD4,SAE1
UBC,RANBP2
SENP6,SUMO4
RGPD4,UBC
UBE2I,UBA2
TOP2A,SENP6
SENP6,UBE2I
TOP2A,RANBP2
TOP2B,SENP1
SENP1,SUMO4
TOP2B,RGPD4
SENP6,RGPD4
TOP2A,UBC
TOP2B,RANBP2
RGPD4,SUMO4
SUMO4,UBA2
TOP2A,SENP1
SENP6,SAE1
UBC,SAE1
UBE2I,SUMO4
SAE1,UBA2
SUMO4,SAE1
SENP6,SENP1
TOP2A,RGPD4
SENP1,UBA2
RANBP2,SAE1
RANBP2,UBA2
TOP2A,SUMO4
TOP2A,TOP2B
TOP2B,UBC
UBC,UBE2I
TOP2B,SUMO4
RGPD4,UBE2I
SENP1,RGPD4
SENP6,UBA2
SENP6,TOP2B
SENP1,SAE1
TOP2B,UBA2
UBE2I,SAE1
TOP2A,UBA2
TOP2A,UBE2I
TOP2B,UBE2I
SENP1,UBE2I
SENP6,RANBP2
UBC,UBA2
NKX2-5,EP300
CDKN1C,TP53
IVL,TP53
HDAC1,PLAGL1
TP53,EP300
IVL,PLAGL1
NPPA,PLAGL1
CDKN1C,ABCC8
NPPA,NKX2-5
PLAGL1,NKX2-5
PLAGL1,RFX6
PLAGL1,EP300
HDAC1,TP53
PLAGL1,TP53
ADCYAP1R1,PLAGL1
ABCC8,PLAGL1
IVL,EP300
CDKN1C,PLAGL1
HDAC1,EP300
HDAC1,NKX2-5
FGF23,ACP5
QPRT,NT5E
INSR,FGF23
ALPL,NT5E
ACPP,NT5E
ENPP1,NADSYN1
ENPP1,IBSP
ENPP1,GYS2
ALPL,ENPP1
ENPP1,ACPP
ENPP1,FGF23
QPRT,ENPP1
QPRT,NADSYN1
ENPP1,INSR
ALPL,IBSP
ENPP1,NT5E
ENPP1,ACP5
FGF23,IBSP
IBSP,ACP5
MMP9,SRC
PGF,TGFB1
SRC,IGF1
FLT1,VWF
PGF,KDR
VEGFA,IGF1
MMP9,IGF1
KDR,TGFB1
PGF,NRP1
HIF1A,FLT1
VEGFA,SRC
HIF1A,IGF1
PGF,VWF
PGF,VEGFA
PGF,FLT1
VEGFA,NRP1
IGF1,FLT1
IGF1,KDR
MMP9,KDR
VEGFA,VWF
SRC,TGFB1
MMP9,VEGFA
NRP1,KDR
SRC,HIF1A
SRC,NRP1
IGF1,NRP1
SRC,FLT1
HIF1A,NRP1
MMP9,HIF1A
SRC,VWF
SRC,KDR
VWF,TGFB1
MMP9,TGFB1
FLT1,KDR
HIF1A,KDR
KDR,VWF
FLT1,NRP1
HIF1A,TGFB1
PGF,MMP9
VEGFA,HIF1A
IGF1,TGFB1
FLT1,TGFB1
VEGFA,FLT1
PGF,IGF1
MMP9,FLT1
MMP9,VWF
VEGFA,TGFB1
VEGFA,KDR
PGF,HIF1A
IGF1,VWF
CDK1,CREBBP
UBE2I,RB1
CDK1,TP53
CDK1,HMGA1
HMGA1,TP53
HMGA2,RB1
HIPK2,HMGA1
MYC,PPARG
MYC,CREBBP
CDK1,RB1
HMGA2,PRMT6
UBE2I,HMGA1
PRMT6,TP53
MYC,TP53
HMGA1,RB1
PPARG,CREBBP
MYC,RB1
TP53,RB1
HIPK2,UBE2I
UBE2I,CREBBP
HMGA1,CREBBP
PPARG,TP53
HMGA2,CDK1
HMGA1,PPARG
CDK1,MYC
HIPK2,TP53
PRMT6,HMGA1
HMGA2,MYC
HMGA2,HMGA1
PPARG,RB1
UBE2I,TP53
HIPK2,CREBBP
RB1,CREBBP
HMGA2,TP53
MYC,UBE2I
CDK1,UBE2I
MYC,HMGA1
TP53,CREBBP
ITPR3,TRPC1
TRPC3,ORAI1
ITPR3,AKT1
TRPC3,STIM1
ORAI1,TRPC1
ITPR3,PLCB2
TRPC1,PLCB2
ITPR3,STIM1
ATP2A2,STIM1
PLCB1,PLCB2
TRPC3,TRPC1
ITPR3,ANK1
TRPC4,ITPR3
STIM1,TRPC1
ATP2A2,ITPR3
ITPR3,ORAI1
TRPC4,STIM1
TRPC4,TRPC1
TRPC3,ITPR3
ATP2A2,ORAI1
ORAI1,STIM1
TRPC3,PLCB1
ATP2A2,AKT1
ITPR3,PLCB1
ATP2A2,PLCB1
TRPC4,TRPC3
TRPC4,ORAI1
TRPC3,PLCB2
KDM1B,KDM6B
POU5F1,TRIM28
SETDB1,POU5F1
ZFP57,RCOR2
SETDB1,TRIM28
SETDB1,DNMT3A
SETDB1,KDM6B
ZFP57,ASIC1
ZFP57,TRIM28
ZFP57,KDM6B
ZFP57,KDM1B
ZFP57,POU5F1
ZFP57,POU5F1B
ZFP57,SETDB1
RCOR2,KDM1B
POU5F1B,TRIM28
ZFP57,DNMT3A
DNMT3A,TRIM28
ZFP57,XRN1
HFE,SLC39A14
TF,TMPRSS6
HFE,HAMP
SLC11A2,HAMP
HFE,CYBRD1
HFE,SLC40A1
HFE,TMPRSS6
TF,TFR2
SLC11A2,TFRC
CYBRD1,SLC39A14
TF,SLC11A2
B2M,TFRC
SLC40A1,HAMP
TMPRSS6,SLC40A1
TFRC,CYBRD1
HFE,SLC11A2
SLC39A14,TFR2
TF,CYBRD1
TFR2,HAMP
HFE,TF
SLC11A2,TFR2
CYBRD1,TFR2
TF,TFRC
SLC39A14,HAMP
HFE,TFRC
SLC40A1,TFR2
HFE,TFR2
TF,SLC40A1
TFRC,HAMP
B2M,HFE
TMPRSS6,HAMP
TMPRSS6,TFR2
B2M,TF
TF,HAMP
TMPRSS6,CYBRD1
CYBRD1,HAMP
SLC11A2,SLC40A1
TFRC,SLC40A1
SLC11A2,CYBRD1
SLC11A2,SLC39A14
TFRC,SLC39A14
SLC11A2,TMPRSS6
CYBRD1,SLC40A1
SLC39A14,SLC40A1
TFRC,TMPRSS6
UBC,WFS1
JAZF1,CDKAL1
UBC,CDKAL1
TCF7L2,UBC
FTO,JAZF1
JAZF1,MTNR1B
KCNJ11,JAZF1
JAZF1,WFS1
FTO,UBC
JAZF1,HHEX
IGF2BP2,UBC
IGF2BP2,JAZF1
TCF7L2,JAZF1
SLC30A8,JAZF1
PRSS3,REG1A
PRSS58,SPINK1
SPINK1,SPINK2
PRSS3,RPL14
SPINK1,TMPRSS15
CTRC,RPL14
PRSS1,SPINK1
CTRC,SPINK1
RPL14,REG1A
PRSS58,REG1A
PRSS1,REG1A
CTRC,REG1A
CTRC,PRSS3
SPINK1,REG1A
PRSS3,SPINK1
RPL14,SPINK1
SPINK1,FTH1
PRSS58,RPL14
SPINK1,EGFR
RPL14,PRSS1
UBC,CISD2
HSP90B1,WFS1
ATF6,WFS1
ATF6,HSP90B1
CISD2,WFS1
UBC,HSP90B1
ATF6,UBC
EIF2AK3,HSP90B1
EIF2AK3,WFS1
UBC,PABPC1
IGF2BP2,LAMB2
IGF2BP2,PABPC1
UBC,LAMB2
IGF2,IGF2BP2
SLC2A5,INS
GCG,SLC2A5
FOXA2,INSR
INSR,HNF1A
SLC2A5,SLC2A2
SLC5A1,INS
SLC2A5,GCK
GCG,FOXA2
SLC2A2,SLC5A1
SLC2A5,SLC5A1
SLC2A5,INSR
GCG,GCK
GCG,IGF1R
GCG,SLC5A1
SLC2A2,FOXA2
FOXA2,IGF1R
GCG,INSR
SLC5A1,HNF1A
GCG,HNF1A
SLC2A2,INSR
SLC2A5,IGF1R
INSR,GCK
SLC2A2,GCK
IGF1R,SLC5A1
SLC2A2,IGF1R
CCL4,CCL2
CCL11,CCL4
CCL3,CD4
CCL4,CD4
CCL11,CCL2
CCL8,CD4
CXCR4,CCL3
CXCL12,CCL5
CCR5,CD4
CCR5,CCL2
CCL8,CCR5
CXCL12,CCL2
CCL2,CD4
CCL11,CD4
CCR5,CCL3
CXCR4,CCL2
CXCL12,CD4
CCL5,CCL4
CXCL12,CCL4
CXCL12,CCL3
CXCR4,CCL11
JAK2,CCL4
CXCR4,CCL8
CXCR4,CCR5
CXCL12,CCL8
CXCL12,CCL11
JAK2,CCL2
CCL4,CCL3
CCL5,CCL3
CCL11,CCR5
CXCL12,JAK2
CCR5,CCL4
JAK2,CCL3
CCL5,CD4
CCL5,CCR5
CCL11,CCL5
CXCR4,CCL5
CXCR4,JAK2
CCL11,CCL3
CCL2,CCL3
CCL5,CCL2
CXCR4,CXCL12
JAK2,CCR5
CXCL12,CCR5
CXCR4,CD4
CXCR4,CCL4
NCOR1,EP300
NCOA1,EP300
PPARG,EP300
NCOR2,PPARGC1A
PPARG,NCOR1
PPARGC1A,EP300
NCOA1,NCOR1
NCOA2,MED1
ADIPOQ,NCOR1
MED1,NCOR1
NCOA1,HDAC3
NCOR2,LEP
HDAC3,PPARG
NCOR2,MED1
HDAC3,EP300
HDAC3,PPARGC1A
NCOA2,EP300
NCOA1,MED1
NCOR2,NCOA1
HDAC3,MED1
NCOR2,NCOR1
ADIPOQ,EP300
NCOA2,LEP
MED1,PPARG
NCOA1,ADIPOQ
NCOA2,HDAC3
ADIPOQ,PPARG
MED1,EP300
NCOA1,LEP
NCOR2,PPARG
HDAC3,NCOR1
ADIPOQ,PPARGC1A
NCOA1,PPARG
PPARG,PPARGC1A
NCOA2,NCOR1
ADIPOQ,HDAC3
NCOA2,PPARG
NCOA1,PPARGC1A
LEP,EP300
NCOA2,NCOA1
LEP,MED1
NCOA2,ADIPOQ
NCOA2,PPARGC1A
NCOR2,ADIPOQ
NCOA2,NCOR2
ADIPOQ,MED1
NCOR1,PPARGC1A
NCOR2,EP300
LEP,PPARGC1A
NCOR2,HDAC3
CAPN10,CHMP4B
HMP70,CAPN10
GPR35,CAPN10
CAPN10,INS
TCF7L2,CAPN10
CAPN10,KCNJ11
TCF7L2,INS
CAPN10,CHMP4C
CAPN10,RNPEP
KCNJ11,PPARG
CAPN10,PPARG
CAPN10,RNPEPL1
TCF7L2,PPARG
CHMP4C,CHMP4B
PTPN11,PIK3CA
JAK2,PIK3R1
JAK1,GRB2
GRB2,IRS1
JAK2,GRB2
IRS1,PIK3CA
JAK2,IGF1R
JAK2,PTPN11
JAK2,PIK3CA
PTPN11,GRB2
SOCS1,IRS1
JAK2,SOCS1
PTPN11,IGF1R
JAK1,PTPN11
JAK2,IRS1
MAPK8,JAK1
JAK1,IGF1R
JAK1,PIK3CA
JAK1,PIK3R1
JAK1,INSR
MAPK8,IRS1
JAK1,IRS1
PTPN11,SOCS1
JAK1,SOCS1
JAK2,INSR
JAK2,MAPK8
MAPK8,PTPN11
STAT5A,LCK
CTLA4,AKT1
LCK,AKT1
FYN,CTLA4
STAT5B,AKT1
FYN,CD86
LCK,STAT5B
FOXP3,LCK
LCK,CD86
FYN,LCK
STAT5A,AKT1
CTLA4,AP2M1
FYN,STAT5B
CTLA4,STAT5B
CD86,CD80
CD86,AKT1
ICOSLG,CTLA4
FYN,CD80
CD86,CTLA4
LCK,CD80
FYN,STAT5A
FOXP3,CD86
CTLA4,CD80
LCK,CTLA4
FOXP3,AKT1
FOXP3,CD80
NKX2-2,GCK
FOXO1,PAX6
PAX6,CCND1
PAX6,SMARCA4
SMARCA4,NEUROD1
PAX6,MAFA
FOXO1,NKX2-2
NKX2-2,MAFA
NEUROD1,CCND1
PAX6,INS
FOXO1,CCND1
PAX6,NEUROD1
PAX6,GCK
NKX2-2,FOXA2
PAX6,FOXA2
INS,CCND1
PAX6,NKX2-2
PDX1,PAX6
SMARCA4,CCND1
PDX1,NKX2-2
ADPRM,GPD2
GNPAT,AGPAT9
GK,GPAM
AGPAT6,GPAM
GPD2,AGPAT9
ADPRM,GPAM
ADPRM,AGPAT9
AGPAT6,GPD2
GK,ACLY
GK2,GPD2
AGPAT6,GPAT2
GK2,GPD1
GK2,GPAM
AGPAT6,GNPAT
GPD1,ACLY
GPAM,ACLY
GPAT2,GPD2
GPD2,GPD1
GNPAT,GPD2
AGPAT6,ADPRM
GK,GPD1
GPD1,AGPAT9
GPD2,GPAM
GK2,ACLY
GPAT2,GPD1
GPAT2,GK2
GK2,AGPAT9
GPD1,GPAM
GPAM,AGPAT9
AGPAT6,GPD1
AGPAT6,GK
GK,GPAT2
GPAT2,AGPAT9
ADPRM,GPD1
AGPAT6,GK2
GNPAT,GPD1
ADPRM,GPAT2
AGPAT6,AGPAT9
GK,GPD2
GK,AGPAT9
GPD2,ACLY
MYD88,IL1B
IL1B,IL1A
IL1RAP,IL1B
MYD88,IL1RAP
IL1RN,IL1R1
HNRNPD,IL1RN
IL1RN,IRAK2
IL1A,IL1RN
IRAK3,IL1RN
MYD88,IRAK3
TOLLIP,IL1R1
IL1B,IL1R1
IRAK3,IRAK2
IL1A,IL1R1
IL1A,IRAK3
IL1R2,IL1B
IL1RAP,TOLLIP
IL1R2,IL1RAP
IL1RAP,IL1RN
MYD88,IL1A
IRAK2,IL1R1
TOLLIP,IL1RN
MYD88,IL1RN
IRAK3,IL1R1
IL1R2,IL1A
MYD88,TOLLIP
TOLLIP,IL1B
IL1B,IRAK3
IL1B,IL1RN
IL1RAP,IRAK3
IL1RAP,IRAK2
TOLLIP,IRAK3
TOLLIP,IL1A
IL1RAP,IL1A
MYD88,IL1R1
IL1R2,IL1R1
IL1A,IRAK2
MYD88,IRAK2
IL1RAP,IL1R1
IL1B,IRAK2
TOLLIP,IRAK2
IL1R2,IL1RN
KLF11,GAPDH
SMAD3,KLF11
SMAD3,EP300
PCK1,KLF11
SMAD3,MAPK1
EP300,SMAD7
SMAD7,GAPDH
SIN3A,EP300
KLF11,EP300
KLF11,STAT3
SIN3A,STAT3
SIN3A,SMAD3
KLF11,MAPK1
EP300,MAPK1
EP300,GAPDH
STAT3,EP300
STAT3,SMAD7
KLF11,SMAD7
MAOB,KLF11
STAT3,GAPDH
STAT3,MAPK1
GAPDH,MAPK1
PCK1,EP300
SMAD3,STAT3
MAOA,KLF11
SMAD3,SMAD7
SMAD3,GAPDH
SIN3A,KLF11
PADI4,PTPN22
PTPN22,LCK
FYN,SKAP2
PTPN22,SHC2
PTPN22,CSK
PTPN22,CTLA4
PTPN22,SKAP2
FYN,ZAP70
FCRL3,CTLA4
ZAP70,CSK
STAT4,FYN
ZAP70,SHC2
STAT4,CTLA4
PTPN22,ZAP70
STAT4,CSK
PTPN22,STAT4
FCRL3,ZAP70
FCRL3,PTPN22
STAT4,LCK
PADI4,CTLA4
LCK,ZAP70
CTLA4,ZAP70
PADI4,FCRL3
PTPN22,FYN
FYN,SHC2
PADI4,STAT4
LCK,CSK
FYN,CSK
